title,type,teachable_type,course,term,lesson_number,media,heading,tags
KaViaR.SS17.LA2.E01,KaviarAsset,Lesson,Lineare Algebra 2,SummerTerm&2017,1,KaViaR.SS17.LA2.E01,,Eigenwert&Charakterisierungen von Diagonalisierbarkeit&Eigenraum
KaViaR.SS17.LA2.E02,KaviarAsset,Lesson,Lineare Algebra 2,SummerTerm&2017,2,KaViaR.SS17.LA2.E02,,Charakterisierungen von Diagonalisierbarkeit&charakteristisches Polynom eines Endomorphismus&algebraische Vielfachheit eines Eigenwerts
KaViaR.SS17.LA2.E03,KaviarAsset,Lesson,Lineare Algebra 2,SummerTerm&2017,3,KaViaR.SS17.LA2.E03,,Charakterisierungen von Diagonalisierbarkeit&Satz von Cayley-Hamilton&Minimalpolynom eines Endomorphismus
KaViaR.SS17.LA2.E04,KaviarAsset,Lesson,Lineare Algebra 2,SummerTerm&2017,4,KaViaR.SS17.LA2.E04,,Charakterisierungen von Diagonalisierbarkeit&Minimalpolynom eines Endomorphismus&Dualraum&Linearform&duale Basis
KaViaR.SS17.LA2.E05,KaviarAsset,Lesson,Lineare Algebra 2,SummerTerm&2017,5,KaViaR.SS17.LA2.E05,,Annullator&duale Abbildung&Bidualraum&Bilinearform
KaViaR.SS17.LA2.E06,KaviarAsset,Lesson,Lineare Algebra 2,SummerTerm&2017,6,KaViaR.SS17.LA2.E06,,Darstellungsmatrix einer Bilinearform&Transformationsformel für die Darstellungsmatrix einer Bilinearform&nicht-ausgeartete Bilinearform&perfekte Bilinearform&symmetrische Bilinearform&antisymmetrische Bilinearform&alternierende Bilinearform
KaViaR.SS17.LA2.E07,KaviarAsset,Lesson,Lineare Algebra 2,SummerTerm&2017,7,KaViaR.SS17.LA2.E07,,quadratische Form&quadratischer Raum&Homomorphismus quadratischer Räume&Existenz von Orthogonalbasen quadratischer Räume
KaViaR.SS17.LA2.E08,KaviarAsset,Lesson,Lineare Algebra 2,SummerTerm&2017,8,KaViaR.SS17.LA2.E08,,Klassifikation quadratischer Räume über C und R&Sylvesterscher Trägheitssatz&Skalarprodukt&Euklidischer Raum&Norm
KaViaR.SS17.LA2.E09,KaviarAsset,Lesson,Lineare Algebra 2,SummerTerm&2017,9,KaViaR.SS17.LA2.E09,,orthogonales Komplement&Orthogonalprojektion&Gram-Schmidt-Verfahren&positiv definite Matrix&Cauchy-Schwarz-Ungleichung
KaViaR.SS17.LA2.E10+,KaviarAsset,Lesson,Lineare Algebra 2,SummerTerm&2017,10,KaViaR.SS17.LA2.E10&KaViaR.SS17.LA2.SP01,,Eigenschaften der Norm&orthogonale Abbildungen und Matrizen&orthogonale und spezielle orthogonale Gruppe&O(2)
KaViaR.SS17.LA2.E11+,KaviarAsset,Lesson,Lineare Algebra 2,SummerTerm&2017,11,KaViaR.SS17.LA2.E11&KaViaR.SS17.LA2.SP02,,O(2)&adjungierte Abbildung&selbstadjungierter Endomorphismus
KaViaR.SS17.LA2.E12+,KaviarAsset,Lesson,Lineare Algebra 2,SummerTerm&2017,12,KaViaR.SS17.LA2.E12&KaViaR.SS17.LA2.SP03,,selbstadjungierter Endomorphismus&Spektralsatz für selbstadjungierte Endomorphismen&Hauptachsentransformation
KaViaR.SS17.LA2.E13,KaviarAsset,Lesson,Lineare Algebra 2,SummerTerm&2017,13,KaViaR.SS17.LA2.E13,,Sesquilinearform&hermitesche Form&unitärer Raum&normaler Endomorphismus
KaViaR.SS17.LA2.E14,KaviarAsset,Lesson,Lineare Algebra 2,SummerTerm&2017,14,KaViaR.SS17.LA2.E14,,Spektralsatz für normale Endomorphismen&Ring&Ringhomomorphismus&Ideal&Restklasse&Faktorring
KaViaR.SS17.LA2.E15,KaviarAsset,Lesson,Lineare Algebra 2,SummerTerm&2017,15,KaViaR.SS17.LA2.E15,,Nullteiler&Einheit&nullteilerfreier Ring&Teiler&größter gemeinsamer Teiler
KaViaR.SS17.LA2.E16,KaviarAsset,Lesson,Lineare Algebra 2,SummerTerm&2017,16,KaViaR.SS17.LA2.E16,,irreduzibles Element&Primelement&faktorieller Ring&HIR sind faktoriell
KaViaR.SS17.LA2.E17,KaviarAsset,Lesson,Lineare Algebra 2,SummerTerm&2017,17,KaViaR.SS17.LA2.E17,,Euklidischer Ring&Euklidische Ringe sind faktoriell&Euklidischer Algorithmus&Gauß-Diagonalisierung von Matrizen über Euklidischen Ringen
KaViaR.SS17.LA2.E18,KaviarAsset,Lesson,Lineare Algebra 2,SummerTerm&2017,18,KaViaR.SS17.LA2.E18,,Äquivalenz und Ähnlichkeit von Matrizen über Ringen&Fittingideale&Fittings Lemma&Elementarteilersatz für Matrizen über Euklidischen Ringen
KaViaR.SS17.LA2.E19,KaviarAsset,Lesson,Lineare Algebra 2,SummerTerm&2017,19,KaViaR.SS17.LA2.E19,,charakteristische Matrix eines Endomorphismus&Satz von Frobenius&Invarianten- und Determinantenteiler einer Matrix&Invariantenteilersatz
KaViaR.SS17.LA2.E20,KaviarAsset,Lesson,Lineare Algebra 2,SummerTerm&2017,20,KaViaR.SS17.LA2.E20,,Begleitmatrix&Frobenius-Normalform
KaViaR.SS17.LA2.E21,KaviarAsset,Lesson,Lineare Algebra 2,SummerTerm&2017,21,KaViaR.SS17.LA2.E21,,Weierstrass-Normalform&Jordanmatrix&Jordansche Normalform
KaViaR.SS17.LA2.E22,KaviarAsset,Lesson,Lineare Algebra 2,SummerTerm&2017,22,KaViaR.SS17.LA2.E22,,Modul&Modulhomomorphismus&Untermodul&Faktormodul&Erzeugendensystem eines Moduls&lineare Unabhängigkeit in Moduln&Basis eines freien Moduls&freier Modul
KaViaR.SS17.LA2.E23,KaviarAsset,Lesson,Lineare Algebra 2,SummerTerm&2017,23,KaViaR.SS17.LA2.E23,,Torsionsuntermodul&Länge eines Moduls&Länge einer direkten Summe von Moduln
KaViaR.SS17.LA2.E24,KaviarAsset,Lesson,Lineare Algebra 2,SummerTerm&2017,24,KaViaR.SS17.LA2.E24,,Rang eines endlich freien Moduls über einem HIR&Diagonalisierung von Matrizen über einem HIR
KaViaR.SS17.LA2.E25,KaviarAsset,Lesson,Lineare Algebra 2,SummerTerm&2017,25,KaViaR.SS17.LA2.E25,,Elementarteilersatz für Untermoduln endlich freier Moduln über HIR
KaViaR.SS17.LA2.E26,KaviarAsset,Lesson,Lineare Algebra 2,SummerTerm&2017,26,KaViaR.SS17.LA2.E26,,Hauptsatz für endlich erzeugte Moduln über HIR&Hauptsatz für endlich erzeugte abelsche Gruppen&Chinesischer Restsatz über HIR
KaViaR.SS17.LA2.E27,KaviarAsset,Lesson,Lineare Algebra 2,SummerTerm&2017,27,KaViaR.SS17.LA2.E27,,Hauptsatz für endlich erzeugte Moduln über HIR&Hauptsatz für endlich erzeugte abelsche Gruppen
SeSAM.SS17.LA2.E01,SesamAsset,Lecture,Lineare Algebra 2,SummerTerm&2017,,SeSAM.SS17.LA2.E01,Charakteristisches Polynom einer Matrix,charakteristisches Polynom einer Matrix
SeSAM.SS17.LA2.E02,SesamAsset,Lecture,Lineare Algebra 2,SummerTerm&2017,,SeSAM.SS17.LA2.E02,Eigenwerte und -räume,Eigenwert&Eigenraum
SeSAM.SS17.LA2.E03,SesamAsset,Lecture,Lineare Algebra 2,SummerTerm&2017,,SeSAM.SS17.LA2.E03,Gram-Schmidt-Verfahren,Gram-Schmidt-Verfahren
SeSAM.SS17.LA2.E04,SesamAsset,Lecture,Lineare Algebra 2,SummerTerm&2017,,SeSAM.SS17.LA2.E04,Hauptachsentransformation,Hauptachsentransformation
SeSAM.SS17.LA2.E05,SesamAsset,Lecture,Lineare Algebra 2,SummerTerm&2017,,SeSAM.SS17.LA2.E05,Euklidischer Algorithmus,Euklidischer Algorithmus
SeSAM.SS17.LA2.E06,SesamAsset,Lecture,Lineare Algebra 2,SummerTerm&2017,,SeSAM.SS17.LA2.E06,Elementarteiler,Gauß-Diagonalisierung von Matrizen über Euklidischen Ringen
SeSAM.SS17.LA2.E07,SesamAsset,Lecture,Lineare Algebra 2,SummerTerm&2017,,SeSAM.SS17.LA2.E07,Invarianten- und Determinantenteiler,Invarianten- und Determinantenteiler einer Matrix
SeSAM.SS17.LA2.E08,SesamAsset,Lecture,Lineare Algebra 2,SummerTerm&2017,,SeSAM.SS17.LA2.E08,Frobenius-Normalform,Frobenius-Normalform
SeSAM.SS17.LA2.E09,SesamAsset,Lecture,Lineare Algebra 2,SummerTerm&2017,,SeSAM.SS17.LA2.E09,Weierstrass-Normalform,Weierstrass-Normalform
SeSAM.SS17.LA2.E10,SesamAsset,Lecture,Lineare Algebra 2,SummerTerm&2017,,SeSAM.SS17.LA2.E10,Jordansche Normalform,Jordansche Normalform
SeSAM.SS17.LA2.E11,SesamAsset,Lecture,Lineare Algebra 2,SummerTerm&2017,,SeSAM.SS17.LA2.E11,Klassifikation endlicher abelscher Gruppen,Hauptsatz für endlich erzeugte abelsche Gruppen
